,Algorithm,ProofType,TotalCoinsMined,TotalCoinSupply,PC 1,PC 2,PC 3,CoinName,class
42,Scrypt,PoW/PoS,41.99995383,42.0,-0.3459761246112544,1.0301384886136107,-0.5785272971581417,42 Coin,0
404,Scrypt,PoW/PoS,1055184902.04,532000000.0,-0.32930001399124176,1.0302348312681646,-0.5791523261721071,404Coin,0
1337,X13,PoW/PoS,29279424622.5027,314159265359.0,2.3206734238629156,1.6459164390823586,-0.594257057246693,EliteCoin,0
BTC,SHA-256,PoW,17927175.0,21000000.0,-0.13412110669457353,-1.299532624833395,0.2158472002584576,Bitcoin,3
ETH,Ethash,PoW,107684222.6865,0.0,-0.1468775979631494,-2.0216281088908747,0.38210684074316137,Ethereum,3
LTC,Scrypt,PoW,63039243.3000049,84000000.0,-0.18085879438224642,-1.1293948374480058,-0.044387917242192446,Litecoin,3
DASH,X11,PoW/PoS,9031294.37563393,22000000.0,-0.37616620827662145,1.2537868261692175,-0.5090638106805504,Dash,0
XMR,CryptoNight-V7,PoW,17201143.1449131,0.0,-0.14787402148304732,-2.2557390386037928,0.42447264673570145,Monero,3
ETC,Ethash,PoW,113359703.0,210000000.0,-0.14531784728948183,-2.0217350911583307,0.38207034574710874,Ethereum Classic,3
ZEC,Equihash,PoW,7383056.25,21000000.0,-0.13975388401554112,-2.11271368761935,0.3696594131719959,ZCash,3
BTS,SHA-512,PoS,2741570000.0,3600570502.0,-0.30561836267529907,1.5806379874792922,-0.20428102377243237,Bitshares,0
DGB,Multiple,PoW,11406219141.0,21000000000.0,0.1586919392962099,-1.8342334358897328,0.34886293747570507,DigiByte,3
BTCD,SHA-256,PoW/PoS,1288862.0,22000000.0,-0.2980679050280367,0.8599729657836461,-0.318329519032897,BitcoinDark,0
XPY,SHA-256,PoS,11995334.8847328,12500000.0,-0.2593179296368302,0.6314892261682122,-0.08248113724997128,PayCoin,0
PRC,Scrypt,PoW,5768310.0,21000000.0,-0.18200608875625982,-1.1293823562123348,-0.04434853476474877,ProsperCoin,3
KOBO,X15,PoW/PoS,25542535.5881841,350000000.0,-0.2232647330207302,1.8581971842337188,-0.577983654852535,KoboCoin,0
SPR,X11,PoW,11149733.9976203,20000000.0,-0.2124040246007957,-0.9057233704197963,0.025120498304300878,Spreadcoin,3
ARG,Scrypt,PoW,12205795.4449549,64000000.0,-0.18162221547480037,-1.1294024001071616,-0.044358706923147,Argentum,3
AUR,Scrypt,PoW/PoS,18135099.992959,16768584.0,-0.3456354024468879,1.0301361870703956,-0.5785392590034091,Aurora Coin,0
BLU,Scrypt,PoW/PoS,635423900.0,0.0,-0.3382075326709745,1.0303627685403234,-0.5788524399380213,BlueCoin,0
XMY,Multiple,PoW,1688254250.0,2000000000.0,-0.09496075201645096,-1.8278029074169364,0.35687474033391636,MyriadCoin,3
MOON,Scrypt,PoW,88.0,384000000000.0,2.543009815384613,-1.3286612490612664,-0.10576555657509597,MoonCoin,3
ZET,SHA-256,PoW,170204389.754849,169795588.0,-0.13120339196595687,-1.299556098615426,0.21574548003515653,ZetaCoin,3
SXC,Scrypt,PoW,128940951.183046,250000000.0,-0.178874993877511,-1.1294577271445383,-0.04444819156735385,SexCoin,3
QTL,Scrypt,PoW,7357794.7925,100000000.0,-0.18142599554442296,-1.1294227944898851,-0.04436198466611001,Quatloo,3
ENRG,Scrypt,PoW/PoS,123062801.128773,0.0,-0.344471578954113,1.030181925002448,-0.5785902676677581,EnergyCoin,0
QRK,Quark,PoW,259557164.91477,247000000.0,-0.22337387367242104,-0.4597580882352561,0.06256891578186619,QuarkCoin,3
RIC,Groestl,PoW,49548585.1412917,84000000.0,-0.19408776005272552,-1.2494984225921384,0.17466481842109746,Riecoin,3
DGC,Scrypt,PoW,33442988.3440364,48166000.0,-0.18147494627259353,-1.1293866866981204,-0.04436704112165784,Digitalcoin ,3
BTB,Scrypt,PoW/PoS,42579.476901,500000.0,-0.34597205636913997,1.0301382441602298,-0.5785273988959069,BitBar,0
CAT,Scrypt,PoW,7219956.64626131,21000000.0,-0.1819883411524722,-1.1293818438375358,-0.04434927756410978,Catcoin,3
CBX,Scrypt,PoW/PoS,1039116.65144562,1000000.0,-0.34595632437856405,1.0301383364098238,-0.5785279887966283,CryptoBullion,0
CCN,Scrypt,PoW,4703879.51824446,13140000.0,-0.1820748844794261,-1.1293786527436462,-0.04434673284286801,CannaCoin,3
CRYPT,X11,PoW,4996986.20575291,18000000.0,-0.21249344106316254,-0.9057245041433749,0.02512396654366248,CryptCoin,3
CSC,Scrypt,PoC,39999997299.8568,40000000000.0,0.5512371065485308,0.5562009455550977,-0.19953617410104887,CasinoCoin,0
DMD,Groestl,PoW/PoS,3304487.74735637,4380000.0,-0.3589686715616169,0.9100385583837018,-0.3594838560574944,Diamond,0
XVG,Multiple,PoW,15929530669.1206,16555000000.0,0.18244721538840353,-1.830330023304957,0.3472593916692041,Verge,3
DVC,SHA-256,PoW,18773857500.0,21000000000.0,0.24407322818444183,-1.3038001615808317,0.20289416761282814,DevCoin,3
EAC,Scrypt,PoW,12539015186.822,13500000000.0,0.066883440994668,-1.1319539191911168,-0.052917781097487286,EarthCoin,3
EFL,Scrypt,PoW,20910478.8062499,21000000.0,-0.1818209629798524,-1.129377011615752,-0.04435628292670236,E-Gulden,3
EMC2,Scrypt,PoW,218871896.499999,299792458.0,-0.17742213682305236,-1.1294518262356588,-0.04450217335438647,Einsteinium,3
EMD,Scrypt,PoW,19496786.31025,32000000.0,-0.1817601799213293,-1.1293832193580406,-0.044357319070809316,Emerald,3
EXCL,PoS,PoS,5679705.0,0.0,-0.3481811273067315,1.5087531859671814,-0.2587747982503767,Exclusive Coin,0
FLT,Scrypt,PoS/PoW/PoT,461829905.32893,0.0,-0.3450864489488601,0.23795062889572466,-0.4858795540315186,FlutterCoin,0
FRK,Scrypt,PoW,1142732.14912776,11235813.0,-0.1821319364605319,-1.1293789214579748,-0.04434460603667485,Franko,3
FTC,NeoScrypt,PoW,208669093.00773,336000000.0,-0.16539717994433614,-1.629618862495815,0.30350113279515295,FeatherCoin,3
GDC,Scrypt,PoW,884125802.0,1420609614.0,-0.16133444435162775,-1.1297986975241152,-0.045021862103063755,GrandCoin,3
GLC,Scrypt,PoW,65672720.4708748,70000000.0,-0.1809259554470555,-1.1293866422335839,-0.04438702538520575,GlobalCoin,3
GLD,Scrypt,PoW,41658647.9999715,72245700.0,-0.18120361006397456,-1.1293962837371416,-0.04437509673495767,GoldCoin,3
HBN,Scrypt,PoW/PoS,89266933.684704,120000000.0,-0.34403312583702955,1.0301077189522703,-0.5785921693053353,HoboNickels,0
HYP,X11,PoS,1678520090.7713,0.0,-0.3172249329486136,1.0258950594216303,-0.2740622189532606,HyperStake,0
IFC,Scrypt,PoW,90595753018.6314,90600000000.0,1.5683690345774277,-1.14441617166556,-0.10519162489710776,Infinite Coin,3
IOC,X11,PoW/PoS,17650913.9743456,22000000.0,-0.3760608261618819,1.253789868559647,-0.5090682212910453,IOCoin,0
IXC,SHA-256,PoW,21089348.999,21000000.0,-0.13408244645216166,-1.2995315087089767,0.21584558219193892,IXcoin,3
KGC,Scrypt,PoW,151447649.8,265420800.0,-0.17849038960280122,-1.1294577862195128,-0.0444621747761293,KrugerCoin,3
LKY,Scrypt,PoW,19326319.14375,20000000.0,-0.18184742763430228,-1.1293770517839625,-0.04435531236458675,LuckyCoin,3
LTB,Scrypt,PoW,1104344.22938102,1350000.0,-0.18220256507728108,-1.129373804482721,-0.044343005092808224,Litebar ,3
MAX,SHA3,PoW/PoS,61445805.0,100000000.0,-0.38303476739597786,2.0240780950388935,-0.53116679929154,MaxCoin,0
MEC,Scrypt,PoW,38151999.9930997,42000000.0,-0.18146113453681012,-1.129381824578567,-0.04436846440386386,MegaCoin,3
MED,HybridScryptHash256,PoW,40431856.9,200000000.0,-0.15526533328452688,-2.0935436849211824,0.38078062013770675,MediterraneanCoin,3
MINT,Scrypt,PoS,21293925445.4969,0.0,-0.046953438096008764,0.80916196712332,-0.3535709374510543,MintCoin,0
MINC,Scrypt,PoW,5804204.88794916,10000000.0,-0.18208371655183384,-1.1293766347790077,-0.044346793609414896,MinCoin,3
MZC,SHA-256,PoW/PoS,1613836099.99999,2419200000.0,-0.26134030576165584,0.8592980369015382,-0.3195380982642124,MazaCoin,0
NAUT,Scrypt,PoS,16180000.0,16180000.0,-0.30697698142768176,0.8016433535786763,-0.3426858238051665,Nautilus Coin,0
NAV,X13,PoW/PoS,66087096.2077108,0.0,-0.2660622986804154,1.7986471809441364,-0.5290569116512395,NavCoin,0
NOBL,Scrypt,PoW,2366066305.76482,15000000000.0,-0.04684398244030286,-1.1363230422293948,-0.04795227570710076,NobleCoin,3
NMC,SHA-256,PoW,14736400.0,21000000.0,-0.13416011660833038,-1.2995337510528542,0.21584883295993348,Namecoin,3
NYAN,Scrypt,PoW,334709223.483138,337000000.0,-0.1757418671551692,-1.129430250080564,-0.04456739824977067,NyanCoin,3
OPAL,X13,PoW/PoS,15156364.3306548,0.0,-0.2666849698051648,1.798629204376908,-0.5290308506844098,OpalCoin,0
ORB,NeoScrypt,PoW/PoS,3220616.279225,3770000.0,-0.33401726409974186,0.5299930246933253,-0.23052567106943972,Orbitcoin,0
POT,Scrypt,PoW/PoS,222677226.014206,420000000.0,-0.3402729823623489,1.0299991140370783,-0.578708421574248,PotCoin,0
PXC,Scrypt,PoW/PoS,73959274.625,98000000.0,-0.3443764081529383,1.030113733471721,-0.5785808174178678,PhoenixCoin,0
RDD,Scrypt,PoW/PoS,29315567169.0888,0.0,0.012431392181847797,1.0404857435026595,-0.5935279066916417,Reddcoin,0
RPC,Scrypt,PoW,1104157.42169891,21000000.0,-0.18206311195276415,-1.1293840024767665,-0.04434614814431064,RonPaulCoin,3
SBC,Scrypt,PoW,24215181.725,250000000.0,-0.18015535467845334,-1.1294946912674921,-0.04439460398470122,StableCoin,3
SMC,Scrypt,PoW,25593737.1355044,51200000.0,-0.1815493777855141,-1.1293910317593332,-0.04436351001261266,SmartCoin,3
SUPER,X11,PoS,50707661.7493518,0.0,-0.337126311913812,1.0253205049534824,-0.27322927655966395,SuperCoin,0
SYNC,X11,PoW/PoS,1177.0,1000.0,-0.37643273525737664,1.2537950558977184,-0.5090556711355404,SyncCoin,0
SYS,SHA-256,PoW,563336541.299966,888000000.0,-0.1212999467958421,-1.2997900709279715,0.21542943500922795,SysCoin,3
TES,Multiple,PoS,80260463.7331396,100000000.0,-0.25316804630644685,0.10363512592442611,0.059668726742327885,TeslaCoin,0
TGC,SHA-256,PoW,43536800.0,47011968.0,-0.1336234013560158,-1.2995370852848533,0.21582993517266283,TigerCoin,3
TIT,PHI1612,PoS,1622326490.46336,2300000000.0,-0.3071232168469446,1.5292597304503925,-0.1686678817416182,TittieCoin,0
TOR,X11,PoW/PoS,1431851.00002479,10000000.0,-0.3763442814853485,1.2537903716036702,-0.5090580026093101,TorCoin,0
TRC,SHA-256,PoW,22935396.0,42000000.0,-0.13391084065729364,-1.2995417556753195,0.21584127849165727,TerraCoin,3
UNB,SHA-256,PoW,2278150.0,80000000.0,-0.13389370814159707,-1.299568768063755,0.21584577033674324,UnbreakableCoin,3
UNO,SHA-256,PoW,200911.79151896,250000.0,-0.1344850872755641,-1.2995281127102911,0.2158595897862091,Unobtanium,3
URO,X11,PoW,1207310.0,0.0,-0.21266751846122334,-0.9057165001381272,0.025128784918206717,UroCoin,3
USDE,Scrypt,PoW/PoS,1098952592.6,1600000000.0,-0.32118535595582726,1.02969601049062,-0.5793455554947136,UnitaryStatus Dollar,0
UTC,Scrypt,PoW/PoS,50235211.141939,100000000.0,-0.34465226089042106,1.0301043218430803,-0.57856899786224,UltraCoin,0
VIA,Scrypt,PoW,23150892.1679687,23000000.0,-0.18177937810345032,-1.129377258794044,-0.044357749246710654,ViaCoin,3
VRC,Scrypt,PoST,32021108.4136696,0.0,-0.35082943124568694,0.2659392518990888,-0.4946901126331476,VeriCoin,0
VTC,Lyra2REv2,PoW,51173723.8166347,84000000.0,-0.18196938167059776,-1.1916817170012948,0.21504332822309855,Vertcoin,3
WDC,Scrypt,PoW,119606941.0,265420800.0,-0.17887966910518835,-1.1294690247511672,-0.04444588206590748,WorldCoin,3
XC,X11,PoW/PoS,6950831.0970606,5500000.0,-0.37630874365499495,1.253794654992349,-0.5090601068354674,X11 Coin,0
XCR,Multiple,PoS,100000000.0,0.0,-0.2536364105727414,0.10369399106587036,0.05967462179299904,Crypti,0
XJO,SHA-256,PoW,39195739.362088,45000000.0,-0.13369075335242941,-1.2995375733422032,0.21583247829633687,JouleCoin,3
XST,X13,PoW/PoS,33093725.4123502,0.0,-0.2664656704472303,1.798635535567635,-0.5290400291304076,StealthCoin,0
ZCC,Scrypt,PoW/PoS,147990237.978331,1000000000.0,-0.33706985267973255,1.029671744888227,-0.5787629794908691,ZCC Coin,0
BCN,CryptoNight,PoW,184066828814.0,184467440735.0,3.869984036942788,-2.347509935999969,0.3105574534579991,ByteCoin,3
XDN,CryptoNight,PoW,6906587610.38292,10000000000.0,0.46586103640836646,-2.3194957540059287,0.4291165625009301,DigitalNote ,3
BURST,Shabal256,PoC,1813033920.0,2158812800.0,-0.24644992447562164,1.1562144680569986,0.3078587220528234,BurstCoin,0
SJCX,Counterparty,PoS,51173144.0,500000000.0,-0.35497415076396716,1.5459958645843972,-0.2072449522562077,StorjCoin,0
MONA,Scrypt,PoW,68194674.8711679,105120000.0,-0.18064587693557366,-1.1294039786077468,-0.04439393353059293,MonaCoin,3
NTRN,SHA-256,PoW/PoS,39121694.0,68000000.0,-0.29727890627096776,0.8599624462893354,-0.318356235881966,Neutron,0
FAIR,Groestl,PoW/PoS,53193831.0,0.0,-0.3583898170075338,0.9100584405072152,-0.35950868354178134,FairCoin,0
NLG,Scrypt,PoW,415032420.0,1680000000.0,-0.16522862122736182,-1.1300988872821482,-0.044823320881195325,Gulden,3
RBY,Scrypt,PoS,27184490.3918338,0.0,-0.3069572711890796,0.8016556348083395,-0.3426888666428208,RubyCoin,0
PTC,Scrypt,PoW,137517654.41397,166386000.0,-0.17936354227941903,-1.1294113060311277,-0.044439205607053875,PesetaCoin,3
KORE,X13,PoW/PoS,2022464.886973,12000000.0,-0.2667603791877396,1.7986183408789354,-0.5290260496216458,Kore,0
WBB,Scrypt,PoW,181919.2435974,2628000.0,-0.1822047725759374,-1.129374793317421,-0.04434273751769933,Wild Beast Coin,3
NOTE,Scrypt,PoS,174646113.934655,500000000.0,-0.30160594487728626,0.801448193760534,-0.342844300217266,Dnotes,0
FLO,Scrypt,PoW,152270664.860648,160000000.0,-0.17922849552545175,-1.129402784595417,-0.04444573315606493,Flo,3
8BIT,Scrypt,PoW/PoS,1467841.0,0.0,-0.34595817982939625,1.0301390067113723,-0.5785280482158527,8BIT Coin,0
STV,X13,PoW/PoS,7096834.0,10000000.0,-0.26671253468303974,1.7986211698909058,-0.5290283262343701,Sativa Coin,0
ABY,Scrypt,PoW,792537250.0,1000000000.0,-0.16543924429332169,-1.1296127373612332,-0.044907717478459536,ArtByte,3
FLDC,Stanford Folding,PoW,719416990.0,1000000000.0,-0.15521108254180943,-2.151412155683002,0.35843064228682636,Folding Coin,3
U,X11,PoS,2689812.0,20000000.0,-0.3375714312524238,1.0252931769497422,-0.2732079052300086,Ucoin,0
UIS,Multiple,PoW,65113302.0,0.0,-0.12899895288578067,-1.8273378559744131,0.35802520554707523,Unitus,3
CYP,QuBit,PoW,6365285.0,0.0,-0.19163495156195334,-1.530562657025793,0.2851042931061458,CypherPunkCoin,3
OMC,Scrypt,PoW,10140044.4430293,3371337.0,-0.18207775066363616,-1.1293716642625242,-0.04434795193557746,OmniCron,3
VTR,Scrypt,PoW/PoS,11604722.0,20000000.0,-0.3456923085682142,1.0301322050654607,-0.5785364343323041,Vtorrent,0
GRE,Scrypt,PoW,4610340640.89,10000000000.0,-0.05489067382358416,-1.1329360080388144,-0.04830087518917521,GreenCoin,3
XCN,M7 POW,PoW,708506520.0,1840000000.0,-0.11940515549205023,-2.2192204496964805,0.455394881336497,Cryptonite,3
MSC,Scrypt,PoW,619478.0,619478.0,-0.18221367746639178,-1.1293735964964058,-0.04434264013769506,MasterCoin,3
SOON,SHA-256,PoW,12462620.0,21000000.0,-0.13418791548531214,-1.2995345536087477,0.21584999644027175,SoonCoin,3
1CR,Scrypt,PoW,88213.0,92000000000.0,0.47069642701972764,-1.177119487257353,-0.059058275939303274,1Credit,3
ISL,X11,PoW/PoS,1513704.0,0.0,-0.3764142504369183,1.253795590279893,-0.5090564449270769,IslaCoin,0
NXS,SHA3,PoW/nPoS,63657220.0,78000000.0,-0.3525074294179425,2.218809583001106,-0.29775153737647225,Nexus,0
MARS,X11,PoW,32221574.820996,33000000.0,-0.21205414301055606,-0.905722679600534,0.025107636527050965,MarsCoin ,3
CTO,Lyra2RE,PoW,13742738.0,65789100.0,-0.1394430371184362,-2.1665864349564297,0.3988487895742204,Crypto,3
ACP,SHA-256,PoW,14747200.0002,53760000.0,-0.13392748791888773,-1.2995507489775102,0.21584358725558372,Anarchists Prime,3
DRZ,QUAIT,PoW/PoS,8568038.35935056,5060000.0,-0.38202535100621254,1.8352651375381674,-0.5981994136580326,Droidz,0
BSC,X11,PoW,15863837.5,21000000.0,-0.21233929374479427,-0.9057222255031607,0.025117926167663073,BowsCoin,3
SQL,X11,PoS/PoW,329200.01639,0.0,-0.31556113608713404,0.834190503261002,0.10950422165278019,Squall Coin,0
SONG,Scrypt,PoW,32565300.0,210240000.0,-0.1803354428663255,-1.1294711094142025,-0.04439251681867873,Song Coin,3
ZNY,Scrypt,PoW,75614500.0,250000000.0,-0.17952695469003568,-1.1294765493074925,-0.04442090472453443,BitZeny,3
DIGS,Scrypt,PoS,100000000.0,100000000.0,-0.3053573434758794,0.8016294379978455,-0.34274212158587003,Diggits,0
EXP,Ethash,PoW,10495278.0,16906397.0,-0.1479458305812688,-2.0216711868649044,0.3821538674856004,Expanse,3
CON,X13,PoW/PoS,23042604.0,50000000.0,-0.26623370551077347,1.7986060389862595,-0.5290428838582981,Paycon,0
SC,Blake2b,PoW,33098296530.0,0.0,0.37706206952419813,-2.215628727696185,0.4358118557546699,Siacoin,3
EMC,SHA-256,PoW/PoS,43059794.804778,1000000000.0,-0.290616386100537,0.8594801482959674,-0.31850733053233116,Emercoin,0
EGC,X15,PoW/PoS,13530556.4180753,26298000.0,-0.22570889211516945,1.8583609388603701,-0.5779257301211739,EverGreenCoin,0
MND,X11,PoW,15867695.0,16000000.0,-0.2123747314203481,-0.9057196292489643,0.02511872397677687,MindCoin,3
I0C,SHA-256,PoW,20997476.8650231,21000000.0,-0.13408356966643506,-1.2995315411362671,0.21584562920238892,I0coin,3
DCR,BLAKE256,PoW/PoS,10365046.9281661,21000000.0,-0.06443478695230333,0.9871360129413999,-0.3605092828680162,Decred,0
RVR,Scrypt,PoW,210000000.0,210000000.0,-0.17816785737811397,-1.1294083573121814,-0.04448327075939782,Revolution VR,3
HODL,1GB AES Pattern Search,PoW,11448949.0,81962100.0,-0.1705746023487896,-2.1380162537295084,0.2888302157749358,HOdlcoin,3
EDRC,SHA-256,PoW/PoS,3669691.84494672,22000000.0,-0.29803879737647254,0.8599738061239709,-0.3183307372900344,EDRCoin,0
HTC,X11,PoW/PoS,10996318099.0,26550000000.0,-0.05356901650770248,1.243897448585068,-0.5189292716144042,Hitcoin,0
GAME,Scrypt,PoW,69836100.0,84000000.0,-0.1807756970802804,-1.129392438421976,-0.04439139515524226,Gamecredits,3
DBIC,SHA-256,PoW/PoS,5129014.0,10500000.0,-0.29810257105762855,0.8599802894610191,-0.3183296445160676,DubaiCoin,0
DIEM,SHA-256,PoW,21739971929.0,21626280000.0,0.28478116581361584,-1.3030782644381345,0.20127624605495828,CarpeDiemCoin,3
PWR,NIST5,PoW/PoS,10069449031.9252,0.0,-0.2163381474687242,1.5512114540836075,-0.5182548667550997,PWR Coin,0
BLRY,Scrypt,PoW/PoS,8998743.2411911,42000000.0,-0.3455680355733524,1.0301198677286716,-0.5785386199128331,BillaryCoin,0
GPU,Scrypt,PoS,40477042.0,221052632.0,-0.30522595523028206,0.8015456049920364,-0.34273102719245924,GPU Coin,0
ADZ,X11,PoW,45110324.0,84000000.0,-0.21153462185363803,-0.9057445982784447,0.02509288364080558,Adzcoin,3
SOIL,Dagger,PoW,5702048.0,30000000.0,-0.14276036391109434,-2.2042554387098967,0.39320500774917944,SoilCoin,3
YOC,Scrypt,PoW,636462.55983338,168351300.0,-0.1810230825517907,-1.129460639715898,-0.044369478639711794,YoCoin,3
SIB,X11GOST,PoW,17263355.0,24000000.0,-0.13642928457187276,-2.191964083437694,0.42212487739655086,SibCoin,3
ERC,X11,PoW/PoS,10407269.7881868,384000000.0,-0.3735802836372828,1.2535994416072311,-0.5091224190467478,EuropeCoin,0
ZEIT,Scrypt,PoS,36971236046.8073,99000000000.0,0.8473146653096351,0.7633165734939102,-0.3774286313289971,ZeitCoin,0
SWING,SHA-256,PoW/PoS,4377081.60953993,40000000.0,-0.29790240352809544,0.8599647141915058,-0.3183339784760771,SwingCoin,0
SAFEX,Scrypt,PoC,2147483647.0,2147483647.0,-0.18017984990008856,0.5624851239236127,-0.1741124977838847,SafeExchangeCoin,0
NEBU,PoS,PoS,20000000.0,20000000.0,-0.3478641102833613,1.5087478609036833,-0.25878532499606083,Nebuchadnezzar,0
FRN,Scrypt,PoW,6570807.65677618,20000000.0,-0.18200337451335993,-1.129381553983348,-0.04434878544165619,Francs,3
BOLI,X11,PoW,13654082.4987998,25000000.0,-0.21233792199280735,-0.9057250813748394,0.02511841706039257,BolivarCoin,3
XRA,X11,PoW/PoS,134554941.15119,75000000.0,-0.37425543662627114,1.253803625271782,-0.5091365181186799,Ratecoin,0
REV,SHA-256,PoW/PoS,1195525.0,222725000.0,-0.2966445073805005,0.8598687608739233,-0.31836157856040703,Revenu,0
CKC,SHA-256,PoW/PoS,16662820.0,525000000.0,-0.29431017085706507,0.8597173459923128,-0.318417843967333,Clockcoin,0
VIP,NIST5,PoW/PoS,83450403.0,90000000.0,-0.33778667045962457,1.547640076939274,-0.5131594839502114,VIP Tokens,0
BSD,X11,PoW/PoS,24387724.5010828,139000000.0,-0.3751481177952178,1.2537315259037263,-0.5090903834004183,BitSend,0
OMNI,Scrypt,PoW,616448.0,616448.0,-0.1822137360145067,-1.1293735959933728,-0.04434263810259267,Omni,3
LIR,POS 3.0,PoS,38589808.6658096,33500000.0,-0.3509761445130263,1.5671675928675954,-0.1849305528389323,Let it Ride,0
PUT,Scrypt,PoW/PoS,813092338.575672,2000000000.0,-0.32184145156246624,1.0293875215285395,-0.5792632650609515,PutinCoin,0
IBANK,Scrypt,PoW/PoS,4526324.0,44333333.0,-0.34560615508009174,1.03011707818892,-0.5785367046332585,iBankCoin,0
FRWC,Scrypt,PoW/PoS,100000000.0,100000000.0,-0.3440438444018075,1.0301218868777768,-0.5785944622226351,Frankywillcoin,0
MUDRA,X13,PoS,5000000.0,200000000.0,-0.22670324552388377,1.5700293749894771,-0.29320530441257475,MudraCoin,0
PIZZA,X11,PoW,1377917.0,25000000.0,-0.21248800846313723,-0.9057294143837372,0.025124698704697787,PizzaCoin,3
LC,X11,PoS,657000000.0,657000000.0,-0.32505116951025925,1.0251935336710105,-0.2736446043956118,Lutetium Coin,0
KMD,Equihash,dPoW/PoW,115898131.0,200000000.0,-0.2255845903037258,-1.7478529170758768,0.35774558971710474,Komodo,3
GB,X11,PoW/PoS,15563873.0,50000000.0,-0.3758876269111212,1.2537746005165316,-0.5090716321486667,GoldBlocks,0
CTC,Scrypt,PoW/PoS,43165500.0,90000000.0,-0.34480966374140365,1.0301070162953456,-0.5785637807651697,CarterCoin,0
KRB,CryptoNight,PoW,7822432.72439746,10000000.0,0.3106191135963169,-2.3167461542501027,0.434244587924258,Karbo,3
BXT,SHA-256,PoW/PoS,595429.0,21000000.0,-0.2980834797982781,0.8599732400073007,-0.3183290042505666,BitTokens,0
ZYD,SHA-256,PoW,6243840.0,9736000.0,-0.134343885552596,-1.2995309028220272,0.21585498030583597,ZayedCoin,3
MST,X11,PoW/PoS,657636.34549789,3000000.0,-0.3764034256834955,1.2537937311857212,-0.5090564867518955,MustangCoin,0
ZNE,Scrypt,PoW/PoS,2581970.0,21000000.0,-0.3457955223489959,1.030128501406445,-0.5785319773978411,ZoneCoin,0
COVAL,Multiple,PoW,1000000000.0,1200000000.0,-0.10905281420451612,-1.827630651571364,0.3573548814086308,Circuits of Value,3
ROOT,Scrypt,PoW/PoS,1939889.0,0.0,-0.3459524086447251,1.0301391733259542,-0.5785282897601386,RootCoin,0
DOPE,Scrypt,PoW,116845228.0,200000000.0,-0.1793777226558688,-1.1294360475378278,-0.04443400442461088,DopeCoin,3
BTCR,Scrypt,PoS,169598616.0,0.0,-0.30521613846813817,0.8017059014549979,-0.34276173914370056,BitCurrency,0
DLC,SHA-256,PoW,9106714.0,10638298.0,-0.13430248092549515,-1.2995303606121564,0.21585337106092098,DollarCoin,3
SCN,Scrypt,PoW/PoW,665200057.0,3100000000.0,-0.2912087209872384,0.3109325400176979,-0.46001994443884436,Swiscoin,0
SH,Scrypt,PoW,11119200.0,30000000.0,-0.181876796909814,-1.129385138363074,-0.04435271239418805,Shilling,3
BUZZ,SHA-256D,PoW/PoS,19577787259.0,20000000000.0,0.04457594464142984,1.923099126204215,-0.7025216157952926,BuzzCoin,0
XPO,PoS,PoS,74033806.7949683,74000000.0,-0.346820265215458,1.5087389078950442,-0.25882161144486554,Opair,0
PSB,Scrypt,PoW/PoS,33522957.0,0.0,-0.3455662790182735,1.0301503209204272,-0.5785444506370232,PesoBit,0
HALLO,X11,PoW/PoS,264678458.288619,1500000000.0,-0.36255138848152657,1.253110009406782,-0.5094310397326886,Halloween Coin,0
XZC,Lyra2Z,PoW,7568281.24956067,21400000.0,-0.158349809993172,-2.245846504204072,0.4238307647290116,ZCoin,3
CFC,PoS,PoS,148716816.0,39999898.0,-0.34614850009423426,1.508782913415194,-0.2588543877768328,CoffeeCoin,0
ROYAL,X13,PoS,2500124.0,2500124.0,-0.22813545878634114,1.5701309908257701,-0.29317243383252445,RoyalCoin,0
GNJ,X14,PoW/PoS,100000000.0,100000000.0,-0.39818470083829843,1.9328999576822532,-0.6800538109648205,GanjaCoin V2,0
TEAM,PoS,PoS,17818682.1654,301000000.0,-0.3458965309075044,1.5086012580164665,-0.258829156631273,TeamUP,0
LANA,SHA-256D,PoW/PoS,1082162635.53683,7506000000.0,-0.2702181656824717,1.9230550079135347,-0.6910590118100014,LanaCoin,0
ELE,Ethash,PoW,26205539.0,26205539.0,-0.14768776369182662,-2.021670467808919,0.38214434117500123,Elementrem,3
ZCL,Equihash,PoW,5613550.0,21000000.0,-0.1397755177208961,-2.112714312186226,0.3696603186183154,ZClassic,3
ARK,DPoS,DPoS,108202084.0,125000000.0,3.6983165677279586,1.940140614878938,0.3030738762068606,ARK,0
INSANE,X11,PoW/PoS,18342813.0,30000000.0,-0.37599559137433003,1.253785960944851,-0.5090698549846148,InsaneCoin,0
KLC,Scrypt,PoW,196297971.0,10000000000.0,-0.10885606588955919,-1.1344939934020937,-0.04604223457349715,KiloCoin,3
ATX,X11,PoW,824000000.0,500000000.0,-0.19905970065144374,-0.9056855755887716,0.024627788264787814,ArtexCoin,3
EMB,X13,PoW/PoS,92192822723.0,850000000.0,0.8662971166807716,1.8307232032875642,-0.576333603208887,EmberCoin,0
XEN,X11,PoW/PoS,3853326.77707314,3853326.77707314,-0.3763582996421706,1.25379441628186,-0.5090582584638216,XenixCoin,0
FRE,PoS,PoS,50000000.0,50000000.0,-0.34728442597706094,1.508742880380839,-0.25880547452387187,FreeCoin,0
PLNC,Scrypt,PoW/PoS,17089600.0,38540000.0,-0.3454936735370303,1.0301245191520996,-0.5785422065085595,PLNCoin,0
ARCO,Scrypt,PoW/PoS,2449577.41533168,42000000.0,-0.3456481046456131,1.030117556127888,-0.5785352687418004,AquariusCoin,0
KURT,X11,PoW,61364813.0,228000000.0,-0.2103139337271437,-0.9058135939843913,0.0250615325612391,Kurrent,3
XCRE,PoS,PoS,20000000.0,20000000.0,-0.3478641102833613,1.5087478609036833,-0.25878532499606083,Creatio,0
ENT,X11,PoW/PoS,6069482.07721352,60000000.0,-0.3759327341691235,1.2537660595805544,-0.5090683734885948,Eternity,0
EUC,SHA-256,PoW/PoS,12416554.0,20000000.0,-0.2979460535489306,0.8599779313831323,-0.3183348930966325,Eurocoin,0
BCF,Scrypt,PoW/PoS,20244023.640728,33000000.0,-0.345494425248391,1.0301285076819977,-0.5785429344497213,BitcoinFast,0
XSN,X11,TPoS,75590369.0,76500000.0,-0.3423211519640855,0.7529918699483501,-0.5107450052397648,Stakenet,0
BCCOIN,Scrypt,PoW/PoS,11080722.3769581,28000000.0,-0.34564193916647684,1.0301278682857382,-0.578537445857427,BitConnect Coin,0
MONEY,Scrypt,PoW/PoS,10914418.0,650659833.0,-0.34122497587362216,1.029804662502071,-0.578636959307126,MoneyCoin,0
XNG,X11,PoW/PoS,814671.0,5000000.0,-0.3763873118677887,1.2537927486557865,-0.5090568870188279,Enigma,0
XCI,CryptoNight,PoW,978145.0,21000000.0,0.31061350305093327,-2.3167542787812647,0.4342463305849492,Cannabis Industry Coin,3
RC,Scrypt,PoW/PoS,8377873.0,144000000.0,-0.34485173556581,1.0300667127755883,-0.578554617789736,Russiacoin,0
PND,Scrypt,PoS,33813143821.8337,32514916898.0,0.336861862086615,0.7967062204645896,-0.36517792592858744,PandaCoin,0
UNITS,Scrypt,PoW/PoS,3472983.0,13000000.0,-0.3458414047028585,1.0301329677276136,-0.5785311536713833,GameUnits,0
GAKH,Scrypt,PoW/PoS,3315789.0,3315789.0,-0.3459120550612644,1.0301379381418334,-0.5785295241826883,GAKHcoin,0
ASAFE2,Quark,PoS,10517772.7391666,15000000.0,-0.35312906354700085,1.4712939469583783,-0.23559927467111091,Allsafe,0
LTCR,QuBit,PoW/PoS,30227750.0,78835200.0,-0.3545341998748546,0.6289168339928047,-0.2491056004573099,LiteCreed,0
OS76,Scrypt,PoW,894026.0,2714286.0,-0.1821954541017084,-1.1293745867520166,-0.04434311570070522,OsmiumCoin,3
BIC,CryptoNight,PoW,9357088.0,25000000.0,0.31074433056079076,-2.316753397254433,0.4342414033009273,Bikercoins,3
HXX,Lyra2RE,PoW,1876146.443596,9999999.0,-0.13998404963030633,-2.166561670056041,0.3988637854764929,HexxCoin,3
KED,Scrypt,PoW/PoS,23965372.0,500000000.0,-0.3421346448763598,1.0298874581998014,-0.5786195383724316,Klingon Empire Darsek,0
IOP,SHA-256,PoW/PoS,2526078.47525448,21000000.0,-0.2980598759811732,0.8599739214514659,-0.31832999215296,Internet of People,0
KUSH,X11,PoW/PoS,5659096.95728771,9354000.0,-0.3762971844814454,1.2537921989171898,-0.5090600623351466,KushCoin,0
PRX,Scrypt,PoW/PoS,11821728.0,20000000.0,-0.34568965548695835,1.0301322816601373,-0.5785365453730447,Printerium,0
PAC,X11,PoW,536982074.0,100000000000.0,0.5035795144644026,-0.9574252454663997,0.008858972512020483,PacCoin,3
IMPCH,Scrypt,PoW/PoS,308179.0,21933333.0,-0.34581669752663546,1.030127214466881,-0.5785309632046428,Impeach,0
CTL,CryptoNight-V7,PoW,10969318.522954,185000000.0,-0.1466372718321399,-2.255837249223488,0.4244462435549715,Citadel,3
ZBC,Scrypt,PoS,2922613.96424908,55000000.0,-0.3068635598736396,0.8016185274905705,-0.3426852495908903,Zilbercoin,0
FRST,Scrypt,PoW/PoS ,110000000.0,110000000.0,-0.3452874373350932,0.3298800090793024,-0.5128355728229924,FirstCoin,0
BVC,Scrypt,PoW,3115258.0,3360000.0,-0.1821637150571431,-1.129374137855226,-0.044344355578742556,BeaverCoin,3
FIND,X13,PoS,14524851.4827,14524851.4827,-0.227903107259366,1.5701289945114387,-0.2931805102518851,FindCoin,0
VLTC,X11,PoW,30385540.0,1000000000.0,-0.2052138226577488,-0.9062251798877152,0.02495389798833431,VaultCoin,3
ZER,Equihash,PoW,6921653.89980891,17000000.0,-0.13978791291756468,-2.112711774562314,0.36966028909534426,Zero,3
CHAT,Scrypt,PoW/PoS,1000000000.0,1000000000.0,-0.32665331521280255,1.0299724711924045,-0.5791989480569598,OpenChat,0
CDN,Scrypt,PoW,99843408.3158479,100000000.0,-0.18029528096653843,-1.1293901506658537,-0.044409309030347566,Canada eCoin,3
ZOI,Lyra2RE,PoW,18545757.5,21000000.0,-0.1397021829370379,-2.1665614950961065,0.3988534962082929,Zoin,3
RNS,Scrypt,PoS,36050365.0,34426423.0,-0.30660455519933316,0.8016408975428139,-0.3426989099940067,RenosCoin,0
DBIX,Dagger-Hashimoto,PoW,2232901.0,2232901.0,-0.1498813017762065,-2.2203250537014654,0.27012908539732916,DubaiCoin,3
XVP,X11,PoW/PoS,13162749.0858027,100000000.0,-0.37556213430736124,1.2537478040867,-0.5090784013369173,VirtacoinPlus,0
TAJ,Blake2S,PoW/PoS,12184195.9258495,36900000.0,-0.41395126779914526,1.920795459189808,-0.7080158831621634,TajCoin,0
IMX,X11,PoW/PoS,110630387.850471,110000000.0,-0.37429954059825915,1.2537770165865507,-0.5091298745411824,Impact,0
EB3,Scrypt,PoW,64096052.0,4000000000.0,-0.153054149868349,-1.1314267843583063,-0.045014848031085464,EB3coin,3
ATMOS,PoS,PoS,111135836.889,110290030.0,-0.3461091124676997,1.5087331697220436,-0.2588464011730028,Atmos,0
HPC,X11,PoW/PoS,21521322.0099142,100000000.0,-0.37545994370824487,1.2537507543378064,-0.5090826783713067,HappyCoin,0
CXT,NIST5,PoW,10123200.0,48252000.0,-0.17522896361324805,-0.6118761206682698,0.02106978809708684,Coinonat,3
MCRN,PoS,PoS,401421401.0,400000000.0,-0.34050406457828997,1.5086852759802347,-0.259041279671167,MacronCoin,0
RAIN,X11,PoW/PoS,121665451.643876,500000000.0,-0.3713968103764321,1.2535785099082053,-0.5091979041928151,Condensate,0
IMS,Scrypt,PoW/PoS,5368934.0,21212121.0,-0.3457599439492603,1.030129375010084,-0.5785334374016768,Independent Money System,0
ARGUS,Scrypt,PoW/PoS,1148324.0,28600000.0,-0.3457591129278623,1.0301240511483485,-0.5785324594794308,ArgusCoin,0
LMC,Scrypt,PoW/PoS,500000.0,1000000000.0,-0.33887304515285915,1.0296196865713543,-0.5786875095720602,LomoCoin,0
PROC,SHA-256,PoS,100545745.0,75000000000.0,0.2739485128095615,0.5926035785157484,-0.09452119315762982,ProCurrency,0
XGR,X11,PoW/PoS,17171382.0,40000000.0,-0.37593894343217377,1.2537803576899766,-0.5090708551359613,GoldReserve,0
BENJI,Scrypt,PoW,20276099.146524,35520400.0,-0.18172566800119933,-1.12938477130294,-0.04435828095196732,BenjiRolls,3
GRW,Scrypt,PoS,295135466.361878,2000000000.0,-0.2894874099652515,0.8007122540204094,-0.34314588882841957,GrowthCoin,0
ILC,SHA-256,PoW,1317747500.0,2500000000.0,-0.10063632559598049,-1.3003603865949533,0.21478555716653458,ILCoin,3
PHR,PoS,PoS,11390225.9742772,30000000.0,-0.34789840235418745,1.508739632203063,-0.25878251898944177,Phreak,0
DEA,Scrypt,PoW/PoS,21358764.0,105000000.0,-0.3449698149588339,1.0300915346878379,-0.5785550217308822,Degas Coin,0
HTML5,X15,PoW/PoS,40659020000.0,90000000000.0,0.9097569001696035,1.8260127960056058,-0.6131156837015154,HTML5 Coin,0
USC,SHA-256,PoS,10343113.0,200084200.0,-0.2580068504994671,0.6313912908258282,-0.08251029714729825,Ultimate Secure Cash,0
EQT,Scrypt,PoW,13673406.4325268,72000000.0,-0.18154749695469638,-1.1294060339258092,-0.04436073754413075,EquiTrader,3
QTUM,POS 3.0,PoS,100000000.0,100000000.0,-0.34975340483500444,1.567154756204146,-0.18497261319933364,QTUM,0
QRL,CryptoNight-V7,PoW,69036016.8340164,105000000.0,-0.146495114890985,-2.255775235655302,0.424429327682161,Quantum Resistant Ledger,3
ESP,536,PoW/PoS,22801882871.0,50000000000.0,0.6069417459577129,1.8748644045764706,-0.6082415481190494,Espers,0
DYN,Argon2d,PoW,19784224.6512734,0.0,-0.13499728737793618,-2.2127134410655924,0.5108150229692092,Dynamic,3
NANO,Blake2b,PoW,133248297.0,340282367.0,-0.023548457245933792,-2.22744070667738,0.4526254536830122,Nano,3
CHAN,Cloverhash,PoW,18407259.0885883,30000000.0,-0.16049575476376754,-2.315002334847861,0.4528630342725248,ChanCoin,3
DCY,CryptoNight,PoW,1809467143.0,2000000000.0,0.3467687037399273,-2.3171430110227544,0.43300438291364024,Dinastycoin,3
DNR,NIST5,PoW/PoS,4171382.0,10000000.0,-0.3393236807004646,1.5476536128110707,-0.5131061207969169,Denarius,0
DP,X11,PoW,35138975.0,100000000.0,-0.21154297852205278,-0.905756421433249,0.025095426618052485,DigitalPrice,3
VUC,NIST5,PoW/PoS,62942075.0,120000000.0,-0.3378244930346488,1.5476172689413368,-0.5131537886528627,Virta Unique Coin,0
BTPL,Skein,PoW/PoS,6804362.0,100000000.0,-0.39804376365052435,1.9395003850953527,-0.5166335958955282,Bitcoin Planet,0
UNIFY,Scrypt,PoW,18133195.0,19276800.0,-0.18186714710938437,-1.1293770975851014,-0.044354586169115355,Unify,3
BRIT,X13,PoW/PoS,21268092.0,30000000.0,-0.26639733976261165,1.7986157922231445,-0.5290387767186662,BritCoin,0
SOCC,Scrypt,PoW,5167775.0,75000000.0,-0.18163019456598267,-1.129410593018439,-0.04435686513052094,SocialCoin,3
ARC,X11,PoW,26042364.3735553,60000000.0,-0.2119380709480846,-0.9057388730417649,0.02510647956594961,ArcticCoin,3
DAS,X11,PoW,2622886.0,18900000.0,-0.2125160791686018,-0.9057258091890761,0.025125037396346132,DAS,3
LINDA,Scrypt,PoW/PoS,9044930943.24243,50000000000.0,0.11945414640818379,1.0073820709206367,-0.5911533667756055,Linda,0
XLC,CryptoNight,PoW,14161803.0,54000000.0,0.3110088843044819,-2.3167667517542974,0.4342343060142408,LeviarCoin,3
ONION,X13,PoW/PoS,21917018.0492836,18898187.6216583,-0.2664681952946628,1.798621782871065,-0.5290373329623418,DeepOnion,0
BTX,Time Travel,PoW,17801865.1605478,21000000.0,-0.13394229476383127,-2.2670105464971835,0.44112973277688117,Bitcore,3
GCN,Scrypt,PoW,163055097500.0,200000000000.0,3.2306538219808965,-1.175617092775346,-0.1597679122622328,gCn Coin,3
SMART,Keccak,PoW,2241009149.22257,5000000000.0,-0.10712368290795161,-1.1139308046461813,0.14147617169460647,SmartCash,3
SIGT,SkunkHash v2 Raptor,PoS,107972766.0,137500000.0,-0.3462471814274731,1.4682803686950294,-0.1315862470215201,Signatum,0
ONX,X11,PoW,122475638.389743,1100000000.0,-0.20337824685088515,-0.9062445735181202,0.02489078034745264,Onix,3
CRM,Skein,PoW/PoS,47331802.4774238,100000000.0,-0.39754828153166905,1.9395146897053885,-0.5166543335571135,Cream,0
BCH,SHA-256,PoW,17995589.6469082,21000000.0,-0.13412027026785164,-1.2995326006856862,0.215847165251064,Bitcoin Cash,3
XMCC,X11,PoW/PoS,12569262.5359307,9507271.0,-0.3762116141236515,1.2537945583924863,-0.509063622744414,Monoeci,0
DFT,Scrypt,PoS,18663297.3489799,17405891.19707116,-0.30693792091471633,0.8016435938748333,-0.34268729058372643,Draftcoin,0
VET,VeChainThor Authority,Proof of Authority,55454734800.0,86712634466.0,4.441138560992047,2.8306981690864808,4.772702271609187,Vechain,0
SOJ,Scrypt,PoW,485214.0,10500000000.0,-0.10770155821265673,-1.1348225969534078,-0.04602201659307496,Sojourn Coin,3
STCN,PoS,PoS,4000000.0,61599965.0,-0.3477644901758403,1.508720624037384,-0.25878379207549995,Stakecoin,0
NYC,Scrypt,PoW,143006669741.687,0.0,1.5661514248842612,-1.0788977019639234,-0.11751792641911216,NewYorkCoin,3
FRAZ,Scrypt,PoW,9704042.0,20000000.0,-0.18196506808263138,-1.1293804480735026,-0.04435038869991057,FrazCoin,3
KRONE,Scrypt,PoW,17453749.4042601,84000000.0,-0.1814161154673793,-1.1294109273541468,-0.044364591403342236,Kronecoin,3
ACC,Scrypt,PoW,32646731.063036,100000000.0,-0.18111681698344534,-1.1294138684790809,-0.044374924871463536,AdCoin,3
LINX,Scrypt,PoW,33716526.0,100000000.0,-0.18110373783865194,-1.1294134908830815,-0.04437547227946925,Linx,3
XCXT,Scrypt,PoW/PoS,19539588.0,48252000.0,-0.34539479462184103,1.0301203435830815,-0.5785450136519831,CoinonatX,0
ETHD,Scrypt,PoW/PoS,4200000.0,4200000.0,-0.34589496961992594,1.0301377913473968,-0.5785301180638258,Ethereum Dark,0
SUMO,CryptoNight,PoW,8946653.0,88888888.0,0.311192729999045,-2.3167866990831874,0.43423139386921017,Sumokoin,3
ODN,SHA-512,PoS,25000000.0,91388946.0,-0.3637352675404835,1.5815003338242226,-0.2023296535679757,Obsidian,0
ADA,Ouroboros,PoS,25927070538.0,45000000000.0,0.6539700975154863,1.4893368598237162,-0.3359514317797125,Cardano,0
REC,X11,PoW/PoS,7262402.04264803,27000000.0,-0.3761523496395807,1.2537836069263828,-0.5090637053313457,Regalcoin,0
BTCZ,Equihash,PoW,5211553258.01514,21000000000.0,0.07275876110023557,-2.1217644685485197,0.36364073937094477,BitcoinZ,3
TZC,NeoScrypt,PoW/PoS,182638400.0,400000000.0,-0.32901169909691197,0.5298507173290548,-0.23068085773406308,TrezarCoin,0
ELM,X11,PoW,2702855668.85288,1800000000.0,-0.16686304893156045,-0.9056970847108732,0.023458444894816126,Elements,3
TER,Scrypt,PoW/PoS,1140734.91680375,15733333.0,-0.34585052002638406,1.0301307259936192,-0.5785303974878981,TerraNovaCoin,0
VIVO,NeoScrypt,PoW,4165967.57499639,27000000.0,-0.17009036593125182,-1.6295306797785436,0.3036552024731698,VIVO Coin,3
RUP,Lyra2REv2,PoS,24000000.0,24000000.0,-0.30779139836351727,0.739359363835926,-0.08326590216919084,Rupee,0
BTG,Equihash,PoW,17202361.088994,21000000.0,-0.13963383473757063,-2.1127102217866986,0.36965438868936606,Bitcoin Gold,3
WOMEN,Scrypt,PoW/PoS,48459472454.0,25000000000.0,0.423905953663322,1.034268334156174,-0.607322649393576,WomenCoin,0
MAY,SHA-256,PoW/PoS,92050800.0,100000000.0,-0.2964047003830602,0.8599645208919426,-0.3183884380165461,Theresa May Coin,0
NAMO,NIST5,PoW/PoS,560563220.0,1200000000.0,-0.3240759303749258,1.5472324130366804,-0.5135811716948337,NamoCoin,0
LUX,PHI1612,PoW/PoS,8305775.31777569,60000000.0,-0.38143968827210833,1.758345004707432,-0.40333603435389237,LUXCoin,0
PIRL,Dagger,PoW,33986980.0,156306732.71,-0.14151816201917353,-2.204311005711584,0.3931703309149073,Pirl,3
XIOS,Scrypt,PoW/PoS,2149688.0,21000000.0,-0.3458008073607998,1.0301283488277146,-0.578531756201592,Xios,0
BTDX,Quark,PoW/PoS,30711550.5294042,200000000.0,-0.39025573955941023,1.6996975124283507,-0.471491540319582,Bitcloud 2.0,0
EBST,Scrypt,PoW,99990001.493466,100000000.0,-0.18029348874138432,-1.1293900989241645,-0.04440938404124568,eBoost,3
KEK,POS 2.0,PoS,12330806.30517,21000000.0,-0.33608386347567104,1.4167981350040233,-0.1258226659402403,KekCoin,0
BLHC,Scrypt,PoW/PoS,16362544.992,14788275.991,-0.34567112760707275,1.0301365891647685,-0.5785380352337358,BlackholeCoin,0
XIN,SHA-256,PoS,8999999990.0,9000000000.0,-0.08564800304026772,0.6299973226559745,-0.08851785818579216,Infinity Economics,0
PURA,X11,PoW,175215859.0,350000000.0,-0.20805617871261248,-0.9058367243744112,0.02498376092171583,Pura,3
INN,NeoScrypt,PoW,6375259.04,45000000.0,-0.16993561006869207,-1.6295392415981302,0.30365119277253977,Innova,3
ELLA,Ethash,PoW,12756367.0,280000000.0,-0.146051020152364,-2.021806928719722,0.38211062694228276,Ellaism,3
GBX,NeoScrypt,PoW,5832306.875,31800000.0,-0.1700359280855431,-1.629532582722531,0.3036535820251389,GoByte,3
MAG,X11,PoW/PoS,38198594.8342105,144000000.0,-0.37494378342800194,1.2537338057110838,-0.5090982501274636,Magnet,0
TAU,DPoS,DPoS,288090567.493887,500000000.0,3.7031772188154397,1.9400094915675656,0.3029218445663421,Lamden Tau,0
ECA,NIST5,PoW/PoS,28399150208.0,30000000000.0,0.22066691926352858,1.5421117697089797,-0.5324327688042078,Electra,0
BCD,X13,PoW/PoS,183534024.889807,210000000.0,-0.26313604784259503,1.7985796496502078,-0.5291505994639061,Bitcoin Diamond,0
XSH,Multiple,PoW,481730566.566176,660000000.0,-0.11922145722578993,-1.8275333321154281,0.3577064535014809,SHIELD,3
CNBC,Scrypt,PoW/PoS,110976977.29338,210000000.0,-0.34312897519398744,1.030068673685497,-0.5786176743051453,Cash & Back Coin,0
XUN,CryptoNight,PoW,19281821413.4924,85000000000.0,1.1494312513982075,-2.3540511675845996,0.41078748088375566,UltraNote,3
COAL,CryptoNight,PoW,4500000.0,12500000.0,0.3105962364742819,-2.3167486243859416,0.4342458881027642,BitCoal,3
DAXX,Ethash,PoW,520891780.0,10000000000.0,-0.07085611381307276,-2.0266720479941642,0.3802958388284997,DaxxCoin,3
BWK,NIST5,PoS,13247178.8807286,27716121.0,-0.30040048977575057,1.319155173047975,-0.2772612580043661,Bulwark,0
KLKS,Quark,PoS,16955764.902064,20000000.0,-0.3530148688297311,1.4712936244265336,-0.23560336873818521,Kalkulus,0
AC3,X11,PoW,80316207.0,550000000.0,-0.20779701347587065,-0.9059740159660808,0.025000329216766943,AC3,3
LTHN,CryptoNight-V7,PoW,441250233.377,999481516.0,-0.13559637625581367,-2.2561080752174996,0.4240957895596859,Lethean,3
GER,Scrypt,PoW/PoS,4911500269.41,50000000000.0,0.06891947251105708,1.0059231306766094,-0.58903831372782,GermanCoin,0
LTCU,Scrypt,PoW/PoS,8419402.321,150000000.0,-0.3448086460307659,1.0300636135626444,-0.5785555987796237,LiteCoin Ultra,0
POP,Scrypt,PoW,3964201248.87125,4999999999.0,-0.09827510924670993,-1.1305691774609312,-0.0471704663495859,PopularCoin,3
PNX,X11,PoW/PoS,45174214.1078625,50000000.0,-0.3755256155336614,1.2537850518151472,-0.5090867835923821,PhantomX,0
PHO,BLAKE256,PoW,30089671530.5228,90000000000.0,1.1056385904515451,-1.208456313311749,0.14389164509900534,Photon,3
SUCR,X11,PoW,4229040.50393462,19800000.0,-0.21249005530541173,-0.9057257093596899,0.025124071575254585,Sucre,3
SPK,NeoScrypt,PoW,7847417.33355824,21000000.0,-0.17008793890909218,-1.6295262664988013,0.30365427843576426,SparksPay,3
WAGE,Quark,PoS,27299680.0,120000000.0,-0.3521787090143196,1.471245377573223,-0.23562465732040824,Digiwage,0
GUN,NeoScrypt,PoW,299797953.0,500000000.0,-0.16311915017676715,-1.6296718100318903,0.3034282697924337,GunCoin,3
IRL,Scrypt,PoW,45483049.3398182,64000000.0,-0.18121537299782003,-1.1293906545309684,-0.044375734705351846,IrishCoin,3
TROLL,Scrypt,PoW/PoS,591022748.0,900000000.0,-0.33236310356452925,1.0298800159839883,-0.5789736810556716,Trollcoin,0
LCP,Scrypt,PoW/PoS,2504486.227718,4000000.0,-0.3459171180983451,1.0301372966926943,-0.5785292184877198,Litecoin Plus,0
MONK,X11,PoS,4407252.0,21000000.0,-0.33754333713351115,1.0252932641607273,-0.2732089439909175,Monkey Project,0
PCOIN,X11,PoW,8478104.33969947,23000000.0,-0.21241539662313202,-0.9057258703367329,0.025121385492269437,Pioneer Coin,3
UBTC,SHA-256,PoW,20166000.0,20166000.0,-0.13409965404269847,-1.2995314017871629,0.2158461880681884,UnitedBitcoin,3
ITZ,C11,PoW,11916588.09471,23000000.0,-0.19970441652374382,-1.2001965520957802,0.1334518690712511,Interzone,3
TPAY,POS 3.0,PoS,20445861.5344251,25000000.0,-0.35125829378200435,1.5671656000775305,-0.18491990905296607,TokenPay,0
MCT,Ethash,PoS,1618033.0,1618033.0,-0.2732268403784668,-0.09064685246148062,0.08382812296775381,1717 Masonic Commemorative Token,0
MBC,Scrypt,PoW and PoS,9399342.52839847,30000000.0,-0.32706438577611663,0.28604363100595326,-0.5156972928051965,My Big Coin,0
TRTL,CryptoNight,PoW,53139835213.77,1000000000000.0,8.05709913161654,-2.81696596049516,0.2471022427370752,TurtleCoin,3
MUN,SkunkHash,PoW,4818338.98949984,16600000.0,-0.14323798667040197,-2.168089614684574,0.5343849777649945,MUNcoin,3
USX,Scrypt,PoW/PoS,234846265.782157,232000000.0,-0.34145843545589205,1.0301009771983611,-0.5786845765630712,Unified Society USDEX,0
NBR,CryptoNight,PoW,133932467.774108,336000000.0,0.31447452642370816,-2.3168708293139204,0.43412791228414915,Niobio Cash,3
SSS,Scrypt,PoW,10000000000.0,10000000000.0,0.01100245457783908,-1.1310336679341686,-0.051058733334995735,ShareChain,3
TRF,Dagger,PoW,107325266.027783,100000000.0,-0.14102114670201177,-2.2042558981639986,0.39314181076286114,Travelflex,3
KREDS,Lyra2REv2,PoW,643795911.540095,1100000000.0,-0.16751355710116558,-1.1919998266073513,0.21457757090810292,KREDS,3
TOKC,X13,PoS,230298925.0,800000000.0,-0.2196905958608608,1.5697975096283596,-0.29341656255249476,Tokyo Coin,0
BBP,Proof-of-BibleHash,POBh,1772091549.88818,5200000000.0,-0.17627471133199837,2.9525473188306157,15.941793450612094,BiblePay,1
LCC,SHA-256 + Hive,PoW + Hive,638382332.208514,840000000.0,-0.4456694409072124,3.485836911188235,13.950253227489819,LitecoinCash,1
FLIP,Scrypt,PoW,12446100.00278,40000000.0,-0.18178960476540193,-1.1293898598042849,-0.0443549909273482,BitFlip,3
LOT,Scrypt,PoW,14491014421.0,18406979840.0,0.12557295260178847,-1.1338115565741782,-0.05470151182856527,LottoCoin,3
CIF,X11,PoW,211297638.500483,500000000.0,-0.20655050344399914,-0.9059018356892402,0.024941304590410288,Crypto Improvement Fund,3
SPD,C11,PoW/PoS,11251342.1879021,19340594.0,-0.3634889983011545,0.9593170945242944,-0.4007322782452763,Stipend,0
POA,Proof-of-Authority,PoA,204479039.0,252460800.0,-0.43265459797068795,3.259768822581557,10.038780633884025,Poa Network,1
PUSHI,X11,PoW/PoS,2167827.1,25000000.0,-0.37622882904697263,1.2537828466966587,-0.5090607785530337,Pushi,0
ELP,XEVAN,PoW/PoS,419275.38,60000000.0,-0.29835702030634825,1.441091334482394,-0.06968094250353439,Ellerium,0
VLX,Scrypt,PoS,25570013.1348022,124000000.0,-0.30609698558311127,0.8015907116229747,-0.3427078751417341,Velox,0
ONT,VBFT,PoS,650848625.0,1000000000.0,-0.32639746463857067,1.410036234370985,-0.2002024736630164,Ontology,0
CLO,Ethash,PoW,247612453.0,6500000000.0,-0.09903656964208135,-2.024952080112196,0.38099552239356266,Callisto Network,3
TUBE,CryptoNight,PoW,80049082.9057215,1000000000.0,0.3185281429468785,-2.3172344497965836,0.434049272927724,BitTube,3
PSD,Scrypt,PoW,4070212.1493016,21000000.0,-0.18202684943374586,-1.1293829555748227,-0.0443476658577032,Poseidon,3
ADK,IMesh,PoW,25000000.0,25000000.0,-0.13563728627677415,-2.2393329696397846,0.5133241182446961,Aidos Kuneen,3
BSX,NIST5,PoW/PoS,13787854.6277781,50000000.0,-0.3389222325232948,1.5476362479106511,-0.5131174397552537,Bitspace,0
BRIA,Scrypt,PoW/PoS,845637.81347436,3000000.0,-0.34594449588573706,1.0301372301622607,-0.5785282097077935,Briacoin,0
IC,Scrypt,PoW/PoS,1182153.5,5000000.0,-0.3459261877631363,1.0301363109821482,-0.578528701814153,Ignition,0
BTL,Equihash,PoW,71355477.0,70000000.0,-0.13862401585190542,-2.112716537791211,0.36961884097373743,Bitrolium,3
MEDIC,Scrypt,PoS,267297676.3125,500000000.0,-0.3004732014347834,0.8014808961580556,-0.3428917094965916,MedicCoin,0
ALPS,Lyra2Z,PoW,27340501.6514783,300000000.0,-0.15613086283021832,-2.2459841127977778,0.4237760834885431,Alpenschillling,3
BITG,Green Protocol,PoS,9803691.3618195,21000000.0,-0.36540468663291015,1.511207824692201,-0.1542018102778463,Bitcoin Green,0
DEV,PoS,PoS,21876586.8530324,88000000.0,-0.3473585736476809,1.508713232725821,-0.2587971622833747,Deviant Coin,0
ABJ,Scrypt,PoW/PoS,9880502.37178894,30000000.0,-0.3456424189329624,1.0301264066977032,-0.5785371516248429,Abjcoin,0
SEM,Semux BFT consensus,DPoS,1231147.0,100000000.0,3.875914549217182,1.9615907570413444,0.24235413948764026,Semux,0
FTO,X11,PoW,31801461.1867843,100000000.0,-0.21158378244148124,-0.905757599445801,0.025097134404953876,FuturoCoin,3
CARE,Quark,PoW/PoS,139739596.506702,200000000.0,-0.3889227798017966,1.6997359950875643,-0.4715473293527448,Carebit,0
NZL,PoS,PoS,11075254.0929996,80000000.0,-0.34754740478348767,1.5087135721037508,-0.25879035564986336,Zealium,0
XMC,CryptoNight,PoW,16016864.0,18400000.0,0.3107789119511591,-2.316747621354262,0.434239051244822,Monero Classic,3
PROTON,X16R,PoS,4403800.0,45000000.0,-0.31567725954414266,0.6744168140526551,-0.05719222295060498,Proton,0
DEAL,Scrypt,PoW/PoS,1404157529.46026,5121951220.0,-0.2924587955458101,1.027975918895194,-0.5800650864557962,iDealCash,0
JUMP,NIST5,PoW,21069346.2522598,21000000.0,-0.17528854430341093,-0.6118581139015369,0.021068546153217512,Jumpcoin,3
INFX,Lyra2RE,PoW,5097689.71077377,26280000.0,-0.13982912491301944,-2.1665689819475644,0.39885953293753657,Infinex,3
XBI,XEVAN,PoS/PoW,10904963.0923455,21000000.0,-0.23763800975331797,1.0215106067498836,0.5488799908125803,Bitcoin Incognito,0
KEC,Tribus,PoW,795447.0,18000000.0,-0.12767828125860967,-2.1839285711440803,0.45399301758625804,KEYCO,3
HWC,Scrypt,PoS,38706809.466535,26000000.0,-0.3066318799756109,0.8016462082969988,-0.34269892141965247,HollyWoodCoin,0
GIN,Lyra2Z,PoW,6986399.70430446,10500000.0,-0.1584342809296071,-2.2458410527196486,0.42383280600138534,GINcoin,3
PLTC,CryptoNight,PoW,84300.0,600000518.0,0.3147117228134419,-2.3170550831113608,0.434154173009029,PlatinCoin,3
LOKI,CryptoNight Heavy,PoW,19153632.0,150000000.0,0.5842599149838492,-2.237641729948298,0.35269382074091704,Loki,3
NCP,CryptoNight,PoW,41294520017.0,184000000000.0,2.121154812985266,-2.397660415685683,0.38368800487365173,Newton Coin,3
SIC,Scrypt,PoW/PoS,10200000000.0,10200000000.0,-0.14888346128075264,1.0284451108530506,-0.5853781365856117,Swisscoin,0
XT3,Scrypt,PoS,7630000.0154,44000000.0,-0.30688407475232365,0.8016258977785643,-0.34268589881110706,Xt3ch,0
MGD,Jump Consistent Hash,PoW,135862416.039898,168000000.0,-0.1687369733352455,-2.1892188275755005,0.28776186919660146,MassGrid,3
VIG,SHA-256D,PoW/PoS,33238183.7225834,100000000.0,-0.3356022913870496,1.926528333375165,-0.6893376445709563,TheVig,0
PLURA,CryptoNight,PoW,560085952.404637,1000000000.0,0.3243969982810922,-2.3170650154543155,0.4338036407824189,PluraCoin,3
EMAR,Scrypt,PoW/PoS,21599339.6728,84000000.0,-0.34511591003278075,1.0301025181508177,-0.5785517857435963,EmaratCoin,0
DKD,X15,PoS,30284196.369129,90000000.0,-0.18636547280580645,1.6298413433933472,-0.3420921517820257,Dekado,0
LYNX,Scrypt,HPoW,77872059787.8998,92000000000.0,2.1935201280072127,0.19641901370441173,-0.5598564808239174,Lynx,0
POSQ,Quark,PoS,2716264.95302831,650000000.0,-0.3487178692889682,1.470961641963177,-0.23569685512159608,Poseidon Quark,0
BWS,SHA-256,PoS,57811001.000889,100262205.0,-0.2581349489989805,0.6314598506160733,-0.08251861901012089,BitcoinWSpectrum,0
MUSE,DPoS,PoS,18194936.0,18081806.0,1.004204255698944,1.7051026059705574,0.0792014759850656,Muse,0
XMN,X16R,PoW,8125865.02097646,22075700.0,-0.19073047019599867,-1.2565895083765897,0.2411422718112354,Motion,3
PLUS1,HMQ1725,PoW,8645406.16776286,21000000.0,-0.14084071790787475,-2.1726567534916748,0.47425975616765975,PlusOneCoin,3
AXE,X11,PoW,4993030.69736615,21000000.0,-0.21247219852054097,-0.9057260624751055,0.025123488697888878,Axe,3
TRVC,X16R,PoW/PoS,36923120.6205934,82546564.0,-0.3536997176274439,0.9029012551272321,-0.29306720935994435,Trivechain,0
DTEM,Quark,PoS,7082392.24744494,21000000.0,-0.35312848216497095,1.471289620531516,-0.23559847654595464,Dystem,0
GIC,Quark,PoW/PoS,5919489.76813523,5151000.0,-0.3919416803893812,1.6997898842428254,-0.47144768698003836,Giant,0
PNY,Scrypt,PoS,1042012.45227735,16880000000.0,-0.18748007617339282,0.7928860499476419,-0.34537555700798866,Peony Coin,0
ABS,Lyra2REv2,PoW/PoS,13332617.9413708,52500000.0,-0.3464060534568048,0.9678332566568345,-0.31911734312997503,Absolute Coin,0
VITAE,Quark,PoS,66053877.6256106,100000000.0,-0.3518468456308963,1.471269435868105,-0.23564128849177793,Vitae,0
HEX,Scrypt,PoW,1416663.06600024,22105263.0,-0.182051447292441,-1.1293844657821976,-0.04434648484578359,HexCoin,3
TPC,Scrypt,PoW/PoS,5403802.49590733,1000000000.0,-0.3388130920341203,1.0296214174228857,-0.578690018820003,TPCash,0
WEBC,CryptoNight-V7,PoW,15580199.3087496,1750000000.0,-0.13547414602776883,-2.2566478231610514,0.42419355212229237,Webchain,3
RYO,Cryptonight-GPU,PoW,4890897.0,88188888.0,-0.13048395653748807,-2.276880365844655,0.548354452886971,Ryo,3
URALS,XEVAN,PoW,14746153.0962884,210000000.0,-0.13336683914782255,-0.7184934377393892,0.4644728060903077,Urals Coin,3
QWC,CryptoNight Heavy,PoW,99553110528.8022,184470000000.0,3.109259453065061,-2.2981682374865136,0.27227965956540146,Qwertycoin,3
ARE,X11,PoS,19269509.94,55000000.0,-0.33712033661352014,1.0252808646896483,-0.2732219874482954,ARENON,0
EUNO,X11,PoW/PoS,30771125.9760867,50000000.0,-0.37570170542588044,1.253779968085294,-0.5090794136138209,EUNO,0
MMO,Scrypt,PoS,107763867.917675,260000000.0,-0.30412690887095756,0.801549141776452,-0.3427716873682723,MMOCoin,0
KETAN,PoS,PoS,9327131.59708692,210000000.0,-0.3466461712991179,1.5086454878756357,-0.2588102555028349,Ketan,0
PPAI,SHA-256,PoW,2100000000.0,2100000000.0,-0.09391141639238207,-1.2998766904789063,0.21444926563402528,Project Pai,3
XDNA,Keccak,PoW/PoS,4672513.84432375,366000000.0,-0.3311026077910991,1.047196784291356,-0.390823341728637,XDNA,0
PAXEX,X11,PoS,4504639.0,100000000.0,-0.3369814860748194,1.0252522992306963,-0.27322163039429515,PAXEX,0
AZART,X11,PoW,5015881.37315389,25000000.0,-0.2124435312823755,-0.9057281303238248,0.02512283717894777,Azart,3
TSC,Scrypt,PoW/PoS,1059954080.43439,18000000000.0,-0.2052718811216987,1.0211709976442194,-0.5819488883344539,ThunderStake,0
KCASH,SHA-512,Zero-Knowledge Proof,1000000000.0,1000000000.0,-0.4054450201815239,1.8223078658290643,-0.16254939328825174,Kcash,0
XCG,X16R,PoW,9753753.61515394,100000000.0,-0.19015754167309418,-1.2566293748338875,0.24112897432417565,Xchange,3
AAC,ECC 256K1,DPOS,1000000000.0,1000000000.0,-0.3373380357231129,2.7988276991633017,18.80558082529663,Acute Angle Cloud,1
CRYP,Equihash,PoW,4235111504.0,7600000000.0,-0.03427842481789126,-2.1151548022064555,0.36628379745455536,CrypticCoin,3
BTXC,XEVAN,PoS,6787405.18013774,50000000.0,-0.25966363329964726,1.2126063230898716,0.16616973916325567,Bettex coin,0
ACM,Lyra2Z,PoW,13634850.0,84000000.0,-0.15783137092090357,-2.245876850997248,0.42381764721732235,Actinium,3
BSV,SHA-256,PoW,17992514.6469233,21000000.0,-0.13412030786231818,-1.2995326017710414,0.21584716682452407,Bitcoin SV,3
BITM,XEVAN,Pos,208515864.367343,70000000000.0,0.538979759232312,1.01582827985241,0.9492217432165466,BitMoney,0
JMC,X11,PoS,17209923728.3266,0.0,-0.12734043265753042,1.0313770407589538,-0.2820095501636196,Junson Ming Chan Coin,0
FRED,CryptoNight,PoW,1867054873.28397,8080000000.0,0.390622323760119,-2.3202780742551696,0.43200237950108933,FREDEnergy,3
HERB,Quark,PoW/PoS,35312185.7437239,54000000.0,-0.3912356501491005,1.6997749071389734,-0.4714705407756808,HerbCoin,0
UMO,Blake,PoW,1578281.31341127,105120001.44,-0.1380384953222821,-2.156985240372463,0.44939135328507024,Universal Molecule,3
LIT,Blake,PoW,15846721.2482747,25228800.0,-0.13843103686581354,-2.1569387423499196,0.449396831329778,Lithium,3
PIRATE,Equihash,PoS,13475920.0,105000000.0,-0.26414722533814633,-0.1817355978790267,0.07131012670572762,PirateCash,3
EXO,Exosis,PoW,406091.925,21000000.0,-0.1476706441810042,-2.176370865077989,0.43825940311504585,Exosis,3
BLTG,Scrypt,PoW,35284717.173946,120000000.0,-0.1809426260328121,-1.1294233169431926,-0.044379473845904,Block-Logic,3
OWC,Scrypt,PoW/PoS,14777549.3940764,21000000.0,-0.3456464211117191,1.0301328059715826,-0.5785382178066935,Oduwa,0
BEAM,Equihash,PoW,35687520.0,262800000.0,-0.13769179138458332,-2.11282918625315,0.36960625243366196,Beam,3
GALI,Quark,PoW/PoS,18265011.2486006,19035999.0,-0.39169220459918086,1.6997870357153195,-0.4714562251105676,Galilel,0
BTH,Equihash,PoW,25150787.5,30886000.0,-0.139466497906066,-2.112712546923103,0.3696487401937243,Bithereum,3
CSPN,Quark,PoS,1934701.67524713,13370000.0,-0.35324556688187553,1.4712917634031637,-0.23559462203304618,Crypto Sports,0
CREDIT,Scrypt,PoW/PoS,30825710000.0296,74800000000.0,0.561747318800487,1.0021991711514144,-0.6062653915219891,Credit,0
SLC,QuBit,PoW,12925790.4226959,100000000.0,-0.1908450471187118,-1.5306122392755512,0.28508494047320915,SLICE,3
DASHP,X11,PoS,715659.44237941,19700000.0,-0.33759769602158246,1.02529263584424,-0.2732068470803559,Dash Platinum,0
NSD,Scrypt,PoW/PoS,20546528.2059957,84000000.0,-0.3451287815403366,1.030102146549323,-0.5785512470259362,Nasdacoin,0
BEET,XEVAN,PoW/PoS,198938144.363399,500000000.0,-0.2928072941757689,1.4409330533679718,-0.06985290438538456,Beetle Coin,0
TTN,SHA-256D,PoW/PoS,896361168.0,5000000000.0,-0.29027474540339726,1.9242899874185317,-0.690563087025199,Titan Coin,0
AWR,X11,PoW/PoS,15420234.5389336,420000000.0,-0.3732635050934233,1.253582527761719,-0.5091307425898165,Award,0
BLAST,SHA-256,PoW,52293836.6277958,64000000.0,-0.13339577569385253,-1.2995428108154299,0.21582273689890075,BLAST,3
XRC,X13,PoW,1170292.5,2100000.0,-0.10309057978959116,-0.3608888042901817,0.005161043065634705,Bitcoin Rhodium,3
GLT,SHA-256,PoW,84613099.9999955,168000000.0,-0.13226256085421914,-1.2995853771397252,0.21578956382914072,GlobalToken,3
INSN,X11,PoW/PoS,23775960.3207514,30000000.0,-0.3759291665689432,1.253787878634515,-0.5090726350953041,Insane Coin,0
ALX,DPoS,DPoS,1000000000.0,1000000000.0,3.7154293953431288,1.9400012786402094,0.30247758624730314,ALAX,0
LDOGE,Scrypt,PoW/PoS,15318887081.0146,35000000000.0,0.08970403804067849,1.0173812113372998,-0.5919643656465043,LiteDoge,0
SLR,Scrypt,PoW,55565076.3863525,98100000000.0,0.5146661792598981,-1.1802656751142688,-0.06006239836512589,SolarCoin,3
TRK,X11,PoW/PoS,242574105.22384,0.0,-0.3734670838514284,1.2538806752246616,-0.5091797941680684,TruckCoin,0
UFO,NeoScrypt,PoW,3824685012.0,4000000000.0,-0.0951850491691296,-1.630244086866798,0.3010647569808057,UFO Coin,3
OC,Scrypt,PoW/PoS,3537150.0,200000000.0,-0.3445134873130266,1.0300359413909976,-0.5785610983885316,OrangeCoin,0
BLC,Blake,PoW,23356790.1494191,7000000000.0,-0.08883949647376461,-2.1605558480907376,0.4482773278182981,BlakeCoin,3
BITS,Scrypt,PoW/PoS,20576532.0,54256119.0,-0.3453395060709411,1.0301175935751268,-0.5785465046487814,BitstarCoin,0
NEOS,SHA-256,PoS,4392258.24647793,21000000.0,-0.2593505594346108,0.6314821312604036,-0.08247860642980648,NeosCoin,0
HYPER,Scrypt,PoW/PoS,9631199.99309942,0.0,-0.34585837588512475,1.0301418880595552,-0.5785322253603797,HyperCoin,0
PINK,X11,PoW/PoS,436353624.490312,500000000.0,-0.36754948222484324,1.253689582592353,-0.5093589283472283,PinkCoin,0
CESC,Scrypt,PoW,780210700.0,1000000000.0,-0.16558994675664596,-1.1296170881539003,-0.04490141005269072,Crypto Escudo,3
ADC,Scrypt,PoW/PoS,980732528.97974,10500000000.0,-0.25946768647491236,1.0250353744915859,-0.5807086766533831,AudioCoin,0
NKA,SHA-256,PoW/PoS,17939725045.334,190000000.0,-0.07756311255522619,0.8662173475869129,-0.3275353878619822,IncaKoin,0
PIGGY,X11,PoW/PoS,494240666.028571,1000000000.0,-0.3632932806770209,1.2534505252014072,-0.5094685271157646,Piggy Coin,0
CRW,SHA-256,PoW,22986929.0854247,42000000.0,-0.13391021062188907,-1.2995417374861447,0.21584125212246982,Crown Coin,3
GEN,Scrypt,PoW/PoS,60000000.0,15000000.0,-0.3451361203408909,1.0301518816087445,-0.5785603981387808,Genstake,0
SMLY,Scrypt,PoW,29583989322.9213,50000000000.0,0.5343119245816446,-1.144880422680678,-0.06747801346924026,SmileyCoin,3
MI,Scrypt,PoW/PoS,404316475.545465,400000000.0,-0.3381942287870715,1.0300736051972827,-0.5787981662168147,XiaoMiCoin,0
GRS,Groestl,PoW,73298203.8873662,105000000.0,-0.193648364631597,-1.249500938449669,0.17464930678730237,Groestlcoin,3
CPC,X11,PoW/PoS,201364327.427503,208000000.0,-0.37249473891063173,1.253758182241897,-0.5091919783300964,CapriCoin,0
CLUB,Scrypt,PoW/PoS,103621876.167052,160000000.0,-0.3435737458720142,1.0300920265473912,-0.578605912911839, ClubCoin,0
RADS,PoS,PoS,3821245.74150193,9000000.0,-0.34813997583145395,1.5087478591965873,-0.2587752868966626,Radium,0
BTA,Scrypt,PoW,5052555.91981545,5000000.0,-0.18212839093074792,-1.1293743051892067,-0.04434560921192344,Bata,3
PAK,Scrypt,PoW,69684455.4387001,182000000.0,-0.18008204826270288,-1.1294433518425269,-0.044406993305886225,Pakcoin,3
CRB,X11,Proof of Trust,16901016.6609755,16504333.0,-0.3487984316431632,0.8067565531981563,-0.4152817513268647,Creditbit ,0
OK,SHA-256,PoW/PoS,74676064.9488608,105000000.0,-0.2965816363268128,0.85995579339367,-0.3183803472460742,OKCash,0
LSK,DPoS,DPoS,120012140.0,159918400.0,3.698708770361463,1.9401266614694195,0.3030622476397779,Lisk,0
XHI,Scrypt,PoS,10000244677.7002,10008835635.0,-0.11399582479261285,0.7999813663156063,-0.3493930042817223,HiCoin,0
XWC,Scrypt,PoW/PoS,252005564.19257,300000000.0,-0.34076605479021355,1.0300717432232056,-0.5787042339272677,WhiteCoin,0
FSC,NeoScrypt,PoW/PoS,1120385.00502,60168145.0,-0.3336426854036909,0.5299630139670057,-0.2305336176482372,FriendshipCoin,0
J,Multiple,PoW,3332922.5,2800000.0,-0.12973439858889485,-1.8273611151851012,0.3580563703386322,JoinCoin,3
TRI,X13,PoW/PoS,140777.753365,120000.0,-0.2668676963710499,1.7986238421815053,-0.5290231864886568,Triangles Coin,0
VOLLAR,Equihash+Scrypt,PoW,100000000.0,2100000000.0,-0.1282948104894539,-2.284901435279203,0.37252005498075985,Vollar,3
EOS,DPoS,DPoS,1020544523.0722,0.0,3.7085836021053553,1.9405275085874922,0.3026270303262544,EOS,0
RCC,Ethash,PoW,24487944.0958204,24487944.0,-0.1477209524528578,-2.0216701826581795,0.38214549479922616,Reality Clash,3
OXY,DPoS,DPoS,1122382283.37,0.0,3.709828654560123,1.9405634533555551,0.302574920521519,Oxycoin,0
TCH,SHA-256,PoS,1000000000.0,1000000000.0,-0.24023048459805274,0.6313254620850293,-0.08314465077468994,TigerCash,0
WAVES,Leased POS,LPoS,100000000.0,100000000.0,-0.35522579356011225,3.020207132094017,8.076569014364225,Waves,1
PART,PoS,PoS,9283137.5558676,8634140.0,-0.34807579609687905,1.508749976905424,-0.2587780231940267,Particl,0
BTT,TRC10,DPoS,989988713439.649,990000000000.0,34.0816435924905,1.6284153029834212,-1.1458331103410133,BitTorrent,2
NXT,PoS,PoS/LPoS,1000000000.0,1000000000.0,-0.3203232405815868,1.5329191405246598,-0.4077880444200937,Nxt,0
ZEPH,SHA-256,DPoS,1999999995.3056,2000000000.0,2.4713454294039345,0.8662211727885825,0.14011925694020727,ZEPHYR,0
GAP,Scrypt,PoW/PoS,14931046.1546605,250000000.0,-0.3440193389616339,1.030014014066647,-0.5785749264103622,Gapcoin,0
BDX,CryptoNight,PoW,980222595.0,1400222610.0,0.3323738896491248,-2.3171244305038496,0.43352464099778726,Beldex,3
ZEN,Equihash,PoW,7296537.5,21000000.0,-0.13975494178018336,-2.1127137181571043,0.3696594574431507,Horizen,3
XBC,Scrypt,PoS,128326.99633965,1000000.0,-0.30728095862383914,0.8016455660565727,-0.34267518211395864,BitcoinPlus,0
